{"TGGCGGGCGTGCGGTATTCAGCAAA": [12, {"0,0,1": 0.010333863275039745, "0,1,1": 0.00904977375565611}], "CGAACCGTATGGATTATCAGATATT": [3, {"0,1,1": 0.0022624434389140274}], "CTAGTGAATTAGTGACATCTCCACG": [26, {"0,1,1": 0.0196078431372549}], "GCGTGCGGTATTCAGCAAATGGTAA": [18, {"0,0,1": 0.008744038155802861, "0,1,1": 0.013574660633484163}], "AAGACGTAACTAGTGAATTAGTGAC": [26, {"0,0,1": 0.0023847376788553257, "0,1,1": 0.0196078431372549}], "TGAATTAGTGACATCTCCACGAACC": [22, {"0,1,1": 0.016591251885369532}], "AACGTCTGGGTGGCGGGCGTGCGGT": [2, {"0,0,1": 0.012983571807101218, "0,1,1": 0.0015082956259426848}], "ATTCAGCAAATGGTAAAGACGTAAC": [26, {"0,0,1": 0.006359300476947536, "0,1,1": 0.0196078431372549}], "GTAACTAGTGAATTAGTGACATCTC": [26, {"0,0,1": 0.0010598834128245894, "0,1,1": 0.0196078431372549}], "GAATTAGTGACATCTCCACGAACCG": [21, {"0,1,1": 0.01583710407239819}], "GTGAATTAGTGACATCTCCACGAAC": [23, {"0,1,1": 0.017345399698340876}], "TGACATCTCCACGAACCGTATGGAT": [14, {"0,1,1": 0.010558069381598794}], "ACATCTCCACGAACCGTATGGATTA": [12, {"0,1,1": 0.00904977375565611}], "GTGCGGTATTCAGCAAATGGTAAAG": [20, {"0,0,1": 0.008214096449390567, "0,1,1": 0.015082956259426848}], "AATGGTAAAGACGTAACTAGTGAAT": [26, {"0,0,1": 0.0042395336512983575, "0,1,1": 0.0196078431372549}], "CGTAACTAGTGAATTAGTGACATCT": [26, {"0,0,1": 0.0013248542660307366, "0,1,1": 0.0196078431372549}], "TCCACGAACCGTATGGATTATCAGA": [7, {"0,1,1": 0.005279034690799397}], "ATGGTAAAGACGTAACTAGTGAATT": [26, {"0,0,1": 0.00397456279809221, "0,1,1": 0.0196078431372549}], "GAACCGTATGGATTATCAGATATTA": [2, {"0,1,1": 0.0015082956259426848}], "AGACGTAACTAGTGAATTAGTGACA": [26, {"0,0,1": 0.0021197668256491787, "0,1,1": 0.0196078431372549}], "AGTGAATTAGTGACATCTCCACGAA": [24, {"0,1,1": 0.01809954751131222}], "CGGTATTCAGCAAATGGTAAAGACG": [23, {"0,0,1": 0.007419183889772125, "0,1,1": 0.017345399698340876}], "GGCGGGCGTGCGGTATTCAGCAAAT": [13, {"0,0,1": 0.010068892421833599, "0,1,1": 0.00980392156862745}], "GACATCTCCACGAACCGTATGGATT": [13, {"0,1,1": 0.00980392156862745}], "CAACGTCTGGGTGGCGGGCGTGCGG": [1, {"0,0,1": 0.013248542660307366, "0,1,1": 0.0007541478129713424}], "ACGTCTGGGTGGCGGGCGTGCGGTA": [3, {"0,0,1": 0.012718600953895072, "0,1,1": 0.0022624434389140274}], "GGTAAAGACGTAACTAGTGAATTAG": [26, {"0,0,1": 0.003444621091679915, "0,1,1": 0.0196078431372549}], "AACCGTATGGATTATCAGATATTAA": [1, {"0,1,1": 0.0007541478129713424}], "GACGTAACTAGTGAATTAGTGACAT": [26, {"0,0,1": 0.0018547959724430313, "0,1,1": 0.0196078431372549}], "GGGCGTGCGGTATTCAGCAAATGGT": [16, {"0,0,1": 0.009273979862215157, "0,1,1": 0.012066365007541479}], "GGGTGGCGGGCGTGCGGTATTCAGC": [9, {"0,0,1": 0.011128775834658187, "0,1,1": 0.006787330316742082}], "TAAAGACGTAACTAGTGAATTAGTG": [26, {"0,0,1": 0.0029146793852676206, "0,1,1": 0.0196078431372549}], "GGTATTCAGCAAATGGTAAAGACGT": [24, {"0,0,1": 0.007154213036565978, "0,1,1": 0.01809954751131222}], "ACTAGTGAATTAGTGACATCTCCAC": [26, {"0,0,1": 0.00026497085320614734, "0,1,1": 0.0196078431372549}], "GGTGGCGGGCGTGCGGTATTCAGCA": [10, {"0,0,1": 0.01086380498145204, "0,1,1": 0.007541478129713424}], "GCGGGCGTGCGGTATTCAGCAAATG": [14, {"0,0,1": 0.00980392156862745, "0,1,1": 0.010558069381598794}], "GTATTCAGCAAATGGTAAAGACGTA": [25, {"0,0,1": 0.00688924218335983, "0,1,1": 0.01885369532428356}], "GTAAAGACGTAACTAGTGAATTAGT": [26, {"0,0,1": 0.003179650238473768, "0,1,1": 0.0196078431372549}], "ACGAACCGTATGGATTATCAGATAT": [4, {"0,1,1": 0.0030165912518853697}], "TCAGCAAATGGTAAAGACGTAACTA": [26, {"0,0,1": 0.005829358770535241, "0,1,1": 0.0196078431372549}], "AAATGGTAAAGACGTAACTAGTGAA": [26, {"0,0,1": 0.0045045045045045045, "0,1,1": 0.0196078431372549}], "TTAGTGACATCTCCACGAACCGTAT": [18, {"0,1,1": 0.013574660633484163}], "CTCCACGAACCGTATGGATTATCAG": [8, {"0,1,1": 0.006033182503770739}], "CGTGCGGTATTCAGCAAATGGTAAA": [19, {"0,0,1": 0.008479067302596715, "0,1,1": 0.014328808446455505}], "GCGGTATTCAGCAAATGGTAAAGAC": [22, {"0,0,1": 0.007684154742978272, "0,1,1": 0.016591251885369532}], "TCTCCACGAACCGTATGGATTATCA": [9, {"0,1,1": 0.006787330316742082}], "AACTAGTGAATTAGTGACATCTCCA": [26, {"0,0,1": 0.0005299417064122947, "0,1,1": 0.0196078431372549}], "GTCTGGGTGGCGGGCGTGCGGTATT": [5, {"0,0,1": 0.012188659247482777, "0,1,1": 0.003770739064856712}], "AATTAGTGACATCTCCACGAACCGT": [20, {"0,1,1": 0.015082956259426848}], "TAGTGACATCTCCACGAACCGTATG": [17, {"0,1,1": 0.01282051282051282}], "CGGGCGTGCGGTATTCAGCAAATGG": [15, {"0,0,1": 0.009538950715421303, "0,1,1": 0.011312217194570135}], "CGTCTGGGTGGCGGGCGTGCGGTAT": [4, {"0,0,1": 0.012453630100688924, "0,1,1": 0.0030165912518853697}], "AAAGACGTAACTAGTGAATTAGTGA": [26, {"0,0,1": 0.002649708532061473, "0,1,1": 0.0196078431372549}], "CTGGGTGGCGGGCGTGCGGTATTCA": [7, {"0,0,1": 0.011658717541070483, "0,1,1": 0.005279034690799397}], "ACGTAACTAGTGAATTAGTGACATC": [26, {"0,0,1": 0.001589825119236884, "0,1,1": 0.0196078431372549}], "ATTAGTGACATCTCCACGAACCGTA": [19, {"0,1,1": 0.014328808446455505}], "GTGGCGGGCGTGCGGTATTCAGCAA": [11, {"0,0,1": 0.010598834128245893, "0,1,1": 0.008295625942684766}], "GGCGTGCGGTATTCAGCAAATGGTA": [17, {"0,0,1": 0.009009009009009009, "0,1,1": 0.01282051282051282}], "TAACTAGTGAATTAGTGACATCTCC": [26, {"0,0,1": 0.000794912559618442, "0,1,1": 0.0196078431372549}], "TCTGGGTGGCGGGCGTGCGGTATTC": [6, {"0,0,1": 0.01192368839427663, "0,1,1": 0.004524886877828055}], "TATTCAGCAAATGGTAAAGACGTAA": [26, {"0,0,1": 0.006624271330153683, "0,1,1": 0.0196078431372549}], "CAGCAAATGGTAAAGACGTAACTAG": [26, {"0,0,1": 0.005564387917329093, "0,1,1": 0.0196078431372549}], "TAGTGAATTAGTGACATCTCCACGA": [25, {"0,1,1": 0.01885369532428356}], "CACGAACCGTATGGATTATCAGATA": [5, {"0,1,1": 0.003770739064856712}], "CCACGAACCGTATGGATTATCAGAT": [6, {"0,1,1": 0.004524886877828055}], "TGCGGTATTCAGCAAATGGTAAAGA": [21, {"0,0,1": 0.00794912559618442, "0,1,1": 0.01583710407239819}], "TGGTAAAGACGTAACTAGTGAATTA": [26, {"0,0,1": 0.0037095919448860626, "0,1,1": 0.0196078431372549}], "AGTGACATCTCCACGAACCGTATGG": [16, {"0,1,1": 0.012066365007541479}], "CAAATGGTAAAGACGTAACTAGTGA": [26, {"0,0,1": 0.0047694753577106515, "0,1,1": 0.0196078431372549}], "TGGGTGGCGGGCGTGCGGTATTCAG": [8, {"0,0,1": 0.011393746687864335, "0,1,1": 0.006033182503770739}], "AGCAAATGGTAAAGACGTAACTAGT": [26, {"0,0,1": 0.005299417064122946, "0,1,1": 0.0196078431372549}], "GTGACATCTCCACGAACCGTATGGA": [15, {"0,1,1": 0.011312217194570135}], "ATCTCCACGAACCGTATGGATTATC": [10, {"0,1,1": 0.007541478129713424}], "TTCAGCAAATGGTAAAGACGTAACT": [26, {"0,0,1": 0.006094329623741388, "0,1,1": 0.0196078431372549}], "CATCTCCACGAACCGTATGGATTAT": [11, {"0,1,1": 0.008295625942684766}], "GCAAATGGTAAAGACGTAACTAGTG": [26, {"0,0,1": 0.005034446210916799, "0,1,1": 0.0196078431372549}]}