{"TTTGTCAAAGACCTCAGGGCCAGTG": [102, {"0,0,1": 0.013513513513513514}], "GAATCACTTCAGTCCCGACGACTTG": [8, {"0,0,0": 0.0030165912518853697}], "ACGACTTGAGAAAACAACCTTATTA": [42, {"0,0,0": 0.01583710407239819}], "TAAAGGTTCATGCGTAAGGACGCCA": [102, {"0,0,1": 0.010598834128245893, "0,1,1": 0.008295625942684766}], "CAAGCTGCATGCAGTCATACTGCGT": [52, {"0,1,1": 0.0196078431372549}], "CAGTCCCGACGACTTGAGAAAACAA": [26, {"0,0,0": 0.00980392156862745}], "AATGCTTTTGTCAAAGACCTCAGGG": [102, {"0,0,1": 0.01192368839427663, "0,0,0": 0.004524886877828055}], "AGGAATCACTTCAGTCCCGACGACT": [4, {"0,0,0": 0.0015082956259426848}], "AAAGACCTCAGGGCCAGTGTTTCGC": [102, {"0,0,1": 0.013513513513513514}], "AATCACTTCAGTCCCGACGACTTGA": [10, {"0,0,0": 0.003770739064856712}], "GAGTCAAGCTGCATGCAGTCATACT": [60, {"0,0,1": 0.0010598834128245894, "0,1,1": 0.0196078431372549}], "TTGAGAAAACAACCTTATTATTCTA": [52, {"0,0,0": 0.0196078431372549}], "ACAACCTTATTATTCTATCAACACC": [68, {"0,0,1": 0.0021197668256491787, "0,0,0": 0.0196078431372549}], "AGACCTCAGGGCCAGTGTTTCGCGA": [102, {"0,0,1": 0.013513513513513514}], "CCGACGACTTGAGAAAACAACCTTA": [36, {"0,0,0": 0.013574660633484163}], "GATCCACAATGCTTTTGTCAAAGAC": [102, {"0,0,1": 0.010068892421833599, "0,0,0": 0.00980392156862745}], "TTAAAGGTTCATGCGTAAGGACGCC": [102, {"0,0,1": 0.01086380498145204, "0,1,1": 0.007541478129713424}], "GACTGATCCACAATGCTTTTGTCAA": [102, {"0,0,1": 0.009009009009009009, "0,0,0": 0.01282051282051282}], "GCTTGCTTTGAGTCAAGCTGCATGC": [78, {"0,0,1": 0.003444621091679915, "0,1,1": 0.0196078431372549}], "TACTGCGTACCGGACAATTTCACGG": [18, {"0,1,1": 0.006787330316742082}], "CTTTTGTCAAAGACCTCAGGGCCAG": [102, {"0,0,1": 0.012983571807101218, "0,0,0": 0.0015082956259426848}], "CAGTGTTTCGCGATTAAAGGTTCAT": [102, {"0,0,1": 0.013513513513513514}], "AAGGAATCACTTCAGTCCCGACGAC": [2, {"0,0,0": 0.0007541478129713424}], "GCATGCAGTCATACTGCGTACCGGA": [40, {"0,1,1": 0.015082956259426848}], "TTGAGTCAAGCTGCATGCAGTCATA": [64, {"0,0,1": 0.001589825119236884, "0,1,1": 0.0196078431372549}], "AAACAACCTTATTATTCTATCAACA": [64, {"0,0,1": 0.001589825119236884, "0,0,0": 0.0196078431372549}], "CCACAATGCTTTTGTCAAAGACCTC": [102, {"0,0,1": 0.01086380498145204, "0,0,0": 0.007541478129713424}], "AGCTGCATGCAGTCATACTGCGTAC": [48, {"0,1,1": 0.01809954751131222}], "CCAGACTGATCCACAATGCTTTTGT": [102, {"0,0,1": 0.008214096449390567, "0,0,0": 0.015082956259426848}], "CAGGGCCAGTGTTTCGCGATTAAAG": [102, {"0,0,1": 0.013513513513513514}], "CACTTCAGTCCCGACGACTTGAGAA": [16, {"0,0,0": 0.006033182503770739}], "GACGACTTGAGAAAACAACCTTATT": [40, {"0,0,0": 0.015082956259426848}], "TGATCCACAATGCTTTTGTCAAAGA": [102, {"0,0,1": 0.00980392156862745, "0,0,0": 0.010558069381598794}], "CTTGCTTTGAGTCAAGCTGCATGCA": [76, {"0,0,1": 0.003179650238473768, "0,1,1": 0.0196078431372549}], "CGACTTGAGAAAACAACCTTATTAT": [44, {"0,0,0": 0.016591251885369532}], "TCGCGATTAAAGGTTCATGCGTAAG": [102, {"0,0,1": 0.012453630100688924, "0,1,1": 0.0030165912518853697}], "GCGATTAAAGGTTCATGCGTAAGGA": [102, {"0,0,1": 0.01192368839427663, "0,1,1": 0.004524886877828055}], "TATTCTATCAACACCAGACTGATCC": [88, {"0,0,1": 0.0047694753577106515, "0,0,0": 0.0196078431372549}], "TGCAGTCATACTGCGTACCGGACAA": [34, {"0,1,1": 0.01282051282051282}], "ACTTGAGAAAACAACCTTATTATTC": [48, {"0,0,0": 0.01809954751131222}], "CAAGGCTTGCTTTGAGTCAAGCTGC": [86, {"0,0,1": 0.0045045045045045045, "0,1,1": 0.0196078431372549}], "TCAGTCCCGACGACTTGAGAAAACA": [24, {"0,0,0": 0.00904977375565611}], "GGTTCATGCGTAAGGACGCCAAGGC": [102, {"0,0,1": 0.009538950715421303, "0,1,1": 0.011312217194570135}], "CTTGAGAAAACAACCTTATTATTCT": [50, {"0,0,0": 0.01885369532428356}], "AGTCAAGCTGCATGCAGTCATACTG": [58, {"0,0,1": 0.000794912559618442, "0,1,1": 0.0196078431372549}], "AGTGTTTCGCGATTAAAGGTTCATG": [102, {"0,0,1": 0.013513513513513514}], "GGCTTGCTTTGAGTCAAGCTGCATG": [80, {"0,0,1": 0.0037095919448860626, "0,1,1": 0.0196078431372549}], "GACTTGAGAAAACAACCTTATTATT": [46, {"0,0,0": 0.017345399698340876}], "AAGCTGCATGCAGTCATACTGCGTA": [50, {"0,1,1": 0.01885369532428356}], "TATTATTCTATCAACACCAGACTGA": [82, {"0,0,1": 0.00397456279809221, "0,0,0": 0.0196078431372549}], "TGCTTTTGTCAAAGACCTCAGGGCC": [102, {"0,0,1": 0.012453630100688924, "0,0,0": 0.0030165912518853697}], "AAGGCTTGCTTTGAGTCAAGCTGCA": [84, {"0,0,1": 0.0042395336512983575, "0,1,1": 0.0196078431372549}], "GTTTCGCGATTAAAGGTTCATGCGT": [102, {"0,0,1": 0.013248542660307366, "0,1,1": 0.0007541478129713424}], "GTCAAAGACCTCAGGGCCAGTGTTT": [102, {"0,0,1": 0.013513513513513514}], "AACCTTATTATTCTATCAACACCAG": [72, {"0,0,1": 0.002649708532061473, "0,0,0": 0.0196078431372549}], "ATCACTTCAGTCCCGACGACTTGAG": [12, {"0,0,0": 0.004524886877828055}], "TGTTTCGCGATTAAAGGTTCATGCG": [102, {"0,0,1": 0.013513513513513514}], "TGCATGCAGTCATACTGCGTACCGG": [42, {"0,1,1": 0.01583710407239819}], "GCAGTCATACTGCGTACCGGACAAT": [32, {"0,1,1": 0.012066365007541479}], "GCTGCATGCAGTCATACTGCGTACC": [46, {"0,1,1": 0.017345399698340876}], "GGCCAGTGTTTCGCGATTAAAGGTT": [102, {"0,0,1": 0.013513513513513514}], "GCCAAGGCTTGCTTTGAGTCAAGCT": [90, {"0,0,1": 0.005034446210916799, "0,1,1": 0.0196078431372549}], "GGGCCAGTGTTTCGCGATTAAAGGT": [102, {"0,0,1": 0.013513513513513514}], "GAGAAAACAACCTTATTATTCTATC": [56, {"0,0,1": 0.0005299417064122947, "0,0,0": 0.0196078431372549}], "CGACGACTTGAGAAAACAACCTTAT": [38, {"0,0,0": 0.014328808446455505}], "TCTATCAACACCAGACTGATCCACA": [94, {"0,0,1": 0.005564387917329093, "0,0,0": 0.0196078431372549}], "TCCCGACGACTTGAGAAAACAACCT": [32, {"0,0,0": 0.012066365007541479}], "AGGCTTGCTTTGAGTCAAGCTGCAT": [82, {"0,0,1": 0.00397456279809221, "0,1,1": 0.0196078431372549}], "AAGACCTCAGGGCCAGTGTTTCGCG": [102, {"0,0,1": 0.013513513513513514}], "AACACCAGACTGATCCACAATGCTT": [102, {"0,0,1": 0.007154213036565978, "0,0,0": 0.01809954751131222}], "TTCAGTCCCGACGACTTGAGAAAAC": [22, {"0,0,0": 0.008295625942684766}], "GCGTAAGGACGCCAAGGCTTGCTTT": [102, {"0,0,1": 0.007684154742978272, "0,1,1": 0.016591251885369532}], "TGCGTAAGGACGCCAAGGCTTGCTT": [102, {"0,0,1": 0.00794912559618442, "0,1,1": 0.01583710407239819}], "TTCATGCGTAAGGACGCCAAGGCTT": [102, {"0,0,1": 0.009009009009009009, "0,1,1": 0.01282051282051282}], "TAAGGACGCCAAGGCTTGCTTTGAG": [102, {"0,0,1": 0.00688924218335983, "0,1,1": 0.01885369532428356}], "ACGCCAAGGCTTGCTTTGAGTCAAG": [94, {"0,0,1": 0.005564387917329093, "0,1,1": 0.0196078431372549}], "ACTGATCCACAATGCTTTTGTCAAA": [102, {"0,0,1": 0.009273979862215157, "0,0,0": 0.012066365007541479}], "GGAATCACTTCAGTCCCGACGACTT": [6, {"0,0,0": 0.0022624434389140274}], "TCCACAATGCTTTTGTCAAAGACCT": [102, {"0,0,1": 0.010598834128245893, "0,0,0": 0.008295625942684766}], "TGTCAAAGACCTCAGGGCCAGTGTT": [102, {"0,0,1": 0.013513513513513514}], "CATGCGTAAGGACGCCAAGGCTTGC": [102, {"0,0,1": 0.008479067302596715, "0,1,1": 0.014328808446455505}], "GTCATACTGCGTACCGGACAATTTC": [26, {"0,1,1": 0.00980392156862745}], "ATTAAAGGTTCATGCGTAAGGACGC": [102, {"0,0,1": 0.011128775834658187, "0,1,1": 0.006787330316742082}], "TGAGAAAACAACCTTATTATTCTAT": [54, {"0,0,1": 0.00026497085320614734, "0,0,0": 0.0196078431372549}], "ACAATGCTTTTGTCAAAGACCTCAG": [102, {"0,0,1": 0.011393746687864335, "0,0,0": 0.006033182503770739}], "TTGTCAAAGACCTCAGGGCCAGTGT": [102, {"0,0,1": 0.013513513513513514}], "GTGTTTCGCGATTAAAGGTTCATGC": [102, {"0,0,1": 0.013513513513513514}], "GATTAAAGGTTCATGCGTAAGGACG": [102, {"0,0,1": 0.011393746687864335, "0,1,1": 0.006033182503770739}], "AGACTGATCCACAATGCTTTTGTCA": [102, {"0,0,1": 0.008744038155802861, "0,0,0": 0.013574660633484163}], "CAGACTGATCCACAATGCTTTTGTC": [102, {"0,0,1": 0.008479067302596715, "0,0,0": 0.014328808446455505}], "GAAAACAACCTTATTATTCTATCAA": [60, {"0,0,1": 0.0010598834128245894, "0,0,0": 0.0196078431372549}], "CAATGCTTTTGTCAAAGACCTCAGG": [102, {"0,0,1": 0.011658717541070483, "0,0,0": 0.005279034690799397}], "GCCAGTGTTTCGCGATTAAAGGTTC": [102, {"0,0,1": 0.013513513513513514}], "ACTGCGTACCGGACAATTTCACGGT": [16, {"0,1,1": 0.006033182503770739}], "CGTAAGGACGCCAAGGCTTGCTTTG": [102, {"0,0,1": 0.007419183889772125, "0,1,1": 0.017345399698340876}],