{"CCCTAAGACCCCGGCAGACCCATCT": [6, {"0,0,0": 0.004524886877828055}], "AGGGCTGATGTGGCCCCTTTTAAGT": [51, {"0,0,1": 0.013513513513513514}], "CCTTATTTAAGGGCTGATGTGGCCC": [51, {"0,0,1": 0.013513513513513514}], "TTGCACGGGTGTAGCGTAACTTCCG": [51, {"0,0,0": 0.0196078431372549, "0,0,1": 0.006624271330153683}], "GACACTTAAAAATGTCAAACCCCTA": [51, {"0,1,1": 0.010558069381598794, "0,0,1": 0.00980392156862745}], "TCAAACCCCTATCTGGAGCAGACTT": [49, {"0,1,1": 0.0196078431372549, "0,0,1": 0.006094329623741388}], "TGTTTGCACGGGTGTAGCGTAACTT": [48, {"0,0,0": 0.0196078431372549, "0,0,1": 0.005829358770535241}], "AGTCTAGACACTTAAAAATGTCAAA": [51, {"0,1,1": 0.006033182503770739, "0,0,1": 0.011393746687864335}], "TGTAGCGTAACTTCCGCCCTTATTT": [51, {"0,0,0": 0.01282051282051282, "0,0,1": 0.009009009009009009}], "ACTTCCGCCCTTATTTAAGGGCTGA": [51, {"0,0,0": 0.006033182503770739, "0,0,1": 0.011393746687864335}], "AGCAGACTTATTGGGAACCCACAGT": [33, {"0,1,1": 0.0196078431372549, "0,0,1": 0.0018547959724430313}], "TGTGGCCCCTTTTAAGTCTAGACAC": [51, {"0,0,1": 0.013513513513513514}], "TTAAAAATGTCAAACCCCTATCTGG": [51, {"0,1,1": 0.014328808446455505, "0,0,1": 0.008479067302596715}], "TAAAAATGTCAAACCCCTATCTGGA": [51, {"0,1,1": 0.015082956259426848, "0,0,1": 0.008214096449390567}], "TCCGCCCTTATTTAAGGGCTGATGT": [51, {"0,0,0": 0.003770739064856712, "0,0,1": 0.012188659247482777}], "CCCACAGTTCCGTCTTTTTACGAGC": [16, {"0,1,1": 0.012066365007541479}], "TCCGTCTTTTTACGAGCCTATCTCA": [8, {"0,1,1": 0.006033182503770739}], "CCCGGCAGACCCATCTAAGGGGTGG": [15, {"0,0,0": 0.011312217194570135}], "GGGTGGTGAGGCGGTGTTTGCACGG": [34, {"0,0,0": 0.0196078431372549, "0,0,1": 0.0021197668256491787}], "CTAAGGGGTGGTGAGGCGGTGTTTG": [29, {"0,0,0": 0.0196078431372549, "0,0,1": 0.000794912559618442}], "GCTGATGTGGCCCCTTTTAAGTCTA": [51, {"0,0,1": 0.013513513513513514}], "TCTGGAGCAGACTTATTGGGAACCC": [38, {"0,1,1": 0.0196078431372549, "0,0,1": 0.003179650238473768}], "CCCCTATCTGGAGCAGACTTATTGG": [44, {"0,1,1": 0.0196078431372549, "0,0,1": 0.0047694753577106515}], "CCGCCCTTATTTAAGGGCTGATGTG": [51, {"0,0,0": 0.0030165912518853697, "0,0,1": 0.012453630100688924}], "AGGGGTGGTGAGGCGGTGTTTGCAC": [32, {"0,0,0": 0.0196078431372549, "0,0,1": 0.001589825119236884}], "ATTTAAGGGCTGATGTGGCCCCTTT": [51, {"0,0,1": 0.013513513513513514}], "AGCGTAACTTCCGCCCTTATTTAAG": [51, {"0,0,0": 0.010558069381598794, "0,0,1": 0.00980392156862745}], "GCAGACTTATTGGGAACCCACAGTT": [32, {"0,1,1": 0.0196078431372549, "0,0,1": 0.001589825119236884}], "AGACTTATTGGGAACCCACAGTTCC": [30, {"0,1,1": 0.0196078431372549, "0,0,1": 0.0010598834128245894}], "GTGTAGCGTAACTTCCGCCCTTATT": [51, {"0,0,0": 0.013574660633484163, "0,0,1": 0.008744038155802861}], "CTGGAGCAGACTTATTGGGAACCCA": [37, {"0,1,1": 0.0196078431372549, "0,0,1": 0.0029146793852676206}], "TAAGGGCTGATGTGGCCCCTTTTAA": [51, {"0,0,1": 0.013513513513513514}], "TAAGCCCCTAAGACCCCGGCAGACC": [1, {"0,0,0": 0.0007541478129713424}], "GGAGCAGACTTATTGGGAACCCACA": [35, {"0,1,1": 0.0196078431372549, "0,0,1": 0.0023847376788553257}], "GTGAGGCGGTGTTTGCACGGGTGTA": [39, {"0,0,0": 0.0196078431372549, "0,0,1": 0.003444621091679915}], "CCCTTTTAAGTCTAGACACTTAAAA": [51, {"0,0,1": 0.013513513513513514}], "CCTAAGACCCCGGCAGACCCATCTA": [7, {"0,0,0": 0.005279034690799397}], "AACCCCTATCTGGAGCAGACTTATT": [46, {"0,1,1": 0.0196078431372549, "0,0,1": 0.005299417064122946}], "TATTGGGAACCCACAGTTCCGTCTT": [25, {"0,1,1": 0.01885369532428356}], "TTCCGTCTTTTTACGAGCCTATCTC": [9, {"0,1,1": 0.006787330316742082}], "AGTTCCGTCTTTTTACGAGCCTATC": [11, {"0,1,1": 0.008295625942684766}], "ACCCCGGCAGACCCATCTAAGGGGT": [13, {"0,0,0": 0.00980392156862745}], "CCTTTTAAGTCTAGACACTTAAAAA": [51, {"0,1,1": 0.0007541478129713424, "0,0,1": 0.013248542660307366}], "GCGGTGTTTGCACGGGTGTAGCGTA": [44, {"0,0,0": 0.0196078431372549, "0,0,1": 0.0047694753577106515}], "CAGACCCATCTAAGGGGTGGTGAGG": [20, {"0,0,0": 0.015082956259426848}], "TTTTACGAGCCTATCTCAACCGCCT": [1, {"0,1,1": 0.0007541478129713424}], "AAGGGCTGATGTGGCCCCTTTTAAG": [51, {"0,0,1": 0.013513513513513514}], "GATGTGGCCCCTTTTAAGTCTAGAC": [51, {"0,0,1": 0.013513513513513514}], "TTGGGAACCCACAGTTCCGTCTTTT": [23, {"0,1,1": 0.017345399698340876}], "AGGCGGTGTTTGCACGGGTGTAGCG": [42, {"0,0,0": 0.0196078431372549, "0,0,1": 0.0042395336512983575}], "GAACCCACAGTTCCGTCTTTTTACG": [19, {"0,1,1": 0.014328808446455505}], "CATCTAAGGGGTGGTGAGGCGGTGT": [26, {"0,0,0": 0.0196078431372549}], "GCACGGGTGTAGCGTAACTTCCGCC": [51, {"0,0,0": 0.01809954751131222, "0,0,1": 0.007154213036565978}], "TCTAGACACTTAAAAATGTCAAACC": [51, {"0,1,1": 0.007541478129713424, "0,0,1": 0.01086380498145204}], "GTGTTTGCACGGGTGTAGCGTAACT": [47, {"0,0,0": 0.0196078431372549, "0,0,1": 0.005564387917329093}], "GGGGTGGTGAGGCGGTGTTTGCACG": [33, {"0,0,0": 0.0196078431372549, "0,0,1": 0.0018547959724430313}], "GGGTGTAGCGTAACTTCCGCCCTTA": [51, {"0,0,0": 0.015082956259426848, "0,0,1": 0.008214096449390567}], "GGCTGATGTGGCCCCTTTTAAGTCT": [51, {"0,0,1": 0.013513513513513514}], "GGGAACCCACAGTTCCGTCTTTTTA": [21, {"0,1,1": 0.01583710407239819}], "ACCCCTATCTGGAGCAGACTTATTG": [45, {"0,1,1": 0.0196078431372549, "0,0,1": 0.005034446210916799}], "TTAAGTCTAGACACTTAAAAATGTC": [51, {"0,1,1": 0.003770739064856712, "0,0,1": 0.012188659247482777}], "GAGGCGGTGTTTGCACGGGTGTAGC": [41, {"0,0,0": 0.0196078431372549, "0,0,1": 0.00397456279809221}], "AAGCCCCTAAGACCCCGGCAGACCC": [2, {"0,0,0": 0.0015082956259426848}], "TGAGGCGGTGTTTGCACGGGTGTAG": [40, {"0,0,0": 0.0196078431372549, "0,0,1": 0.0037095919448860626}], "TGCACGGGTGTAGCGTAACTTCCGC": [51, {"0,0,0": 0.01885369532428356, "0,0,1": 0.00688924218335983}], "GCCCCTAAGACCCCGGCAGACCCAT": [4, {"0,0,0": 0.0030165912518853697}], "AGACACTTAAAAATGTCAAACCCCT": [51, {"0,1,1": 0.00980392156862745, "0,0,1": 0.010068892421833599}], "AAGACCCCGGCAGACCCATCTAAGG": [10, {"0,0,0": 0.007541478129713424}], "AAGGGGTGGTGAGGCGGTGTTTGCA": [31, {"0,0,0": 0.0196078431372549, "0,0,1": 0.0013248542660307366}], "GCGTAACTTCCGCCCTTATTTAAGG": [51, {"0,0,0": 0.00980392156862745, "0,0,1": 0.010068892421833599}], "GCAGACCCATCTAAGGGGTGGTGAG": [19, {"0,0,0": 0.014328808446455505}], "CCCTTATTTAAGGGCTGATGTGGCC": [51, {"0,0,0": 0.0007541478129713424, "0,0,1": 0.013248542660307366}], "CTTCCGCCCTTATTTAAGGGCTGAT": [51, {"0,0,0": 0.005279034690799397, "0,0,1": 0.011658717541070483}], "GGTGAGGCGGTGTTTGCACGGGTGT": [38, {"0,0,0": 0.0196078431372549, "0,0,1": 0.003179650238473768}], "ACCCATCTAAGGGGTGGTGAGGCGG": [23, {"0,0,0": 0.017345399698340876}], "CGTAACTTCCGCCCTTATTTAAGGG": [51, {"0,0,0": 0.00904977375565611, "0,0,1": 0.010333863275039745}], "AGACCCCGGCAGACCCATCTAAGGG": [11, {"0,0,0": 0.008295625942684766}], "CTATCTGGAGCAGACTTATTGGGAA": [41, {"0,1,1": 0.0196078431372549, "0,0,1": 0.00397456279809221}], "CTTATTTAAGGGCTGATGTGGCCCC": [51, {"0,0,1": 0.013513513513513514}], "ACCCACAGTTCCGTCTTTTTACGAG": [17, {"0,1,1": 0.01282051282051282}], "GTCTTTTTACGAGCCTATCTCAACC": [5, {"0,1,1": 0.003770739064856712}], "CAAACCCCTATCTGGAGCAGACTTA": [48, {"0,1,1": 0.0196078431372549, "0,0,1": 0.005829358770535241}], "TAGACACTTAAAAATGTCAAACCCC": [51, {"0,1,1": 0.00904977375565611, "0,0,1": 0.010333863275039745}], "TGGAGCAGACTTATTGGGAACCCAC": [36, {"0,1,1": 0.0196078431372549, "0,0,1": 0.002649708532061473}], "TATTTAAGGGCTGATGTGGCCCCTT": [51, {"0,0,1": 0.013513513513513514}], "ACAGTTCCGTCTTTTTACGAGCCTA": [13, {"0,1,1": 0.00980392156862745}], "CTTTTTACGAGCCTATCTCAACCGC": [3, {"0,1,1": 0.0022624434389140274}], "CACTTAAAAATGTCAAACCCCTATC": [51, {"0,1,1": 0.012066365007541479, "0,0,1": 0.009273979862215157}], "AAAAATGTCAAACCCCTATCTGGAG": [51, {"0,1,1": 0.01583710407239819, "0,0,1": 0.00794912559618442}], "AATGTCAAACCCCTATCTGGAGCAG": [51, {"0,1,1": 0.01809954751131222, "0,0,1": 0.007154213036565978}], "CCTATCTGGAGCAGACTTATTGGGA": [42, {"0,1,1": 0.0196078431372549, "0,0,1": 0.0042395336512983575}], "CTTTTAAGTCTAGACACTTAAAAAT": [51, {"0,1,1": 0.0015082956259426848, "0,0,1": 0.012983571807101218}], "GTGGCCCCTTTTAAGTCTAGACACT": [51, {"0,0,1": 0.013513513513513514}], "ACACTTAAAAATGTCAAACCCCTAT": [51, {"0,1,1": 0.011312217194570135,