{"CAAGCTGCATGCAGTCATACTGCGT": [52, {"0,1,1": 0.0196078431372549}], "CAAGGCTTGCTTTGAGTCAAGCTGC": [86, {"0,0,1": 0.0045045045045045045, "0,1,1": 0.0196078431372549}], "TTCTATCAACACCAGACTGATCCAC": [92, {"0,0,0": 0.0196078431372549, "0,0,1": 0.005299417064122946}], "AGTCCCGACGACTTGAGAAAACAAC": [28, {"0,0,0": 0.010558069381598794}], "GACGACTTGAGAAAACAACCTTATT": [40, {"0,0,0": 0.015082956259426848}], "CCAGACTGATCCACAATGCTTTTGT": [102, {"0,0,0": 0.015082956259426848, "0,0,1": 0.008214096449390567}], "GCGTACCGGACAATTTCACGGTTCT": [10, {"0,1,1": 0.003770739064856712}], "CGACGACTTGAGAAAACAACCTTAT": [38, {"0,0,0": 0.014328808446455505}], "GTCATACTGCGTACCGGACAATTTC": [26, {"0,1,1": 0.00980392156862745}], "GGGCCAGTGTTTCGCGATTAAAGGT": [102, {"0,0,1": 0.013513513513513514}], "CCACAATGCTTTTGTCAAAGACCTC": [102, {"0,0,0": 0.007541478129713424, "0,0,1": 0.01086380498145204}], "AGGACGCCAAGGCTTGCTTTGAGTC": [100, {"0,0,1": 0.006359300476947536, "0,1,1": 0.0196078431372549}], "TTCAGTCCCGACGACTTGAGAAAAC": [22, {"0,0,0": 0.008295625942684766}], "GCATGCAGTCATACTGCGTACCGGA": [40, {"0,1,1": 0.015082956259426848}], "GTCCCGACGACTTGAGAAAACAACC": [30, {"0,0,0": 0.011312217194570135}], "TTCGCGATTAAAGGTTCATGCGTAA": [102, {"0,0,1": 0.012718600953895072, "0,1,1": 0.0022624434389140274}], "GATCCACAATGCTTTTGTCAAAGAC": [102, {"0,0,0": 0.00980392156862745, "0,0,1": 0.010068892421833599}], "TTATTCTATCAACACCAGACTGATC": [86, {"0,0,0": 0.0196078431372549, "0,0,1": 0.0045045045045045045}], "GCGTAAGGACGCCAAGGCTTGCTTT": [102, {"0,0,1": 0.007684154742978272, "0,1,1": 0.016591251885369532}], "CAACACCAGACTGATCCACAATGCT": [102, {"0,0,0": 0.01885369532428356, "0,0,1": 0.00688924218335983}], "TCACTTCAGTCCCGACGACTTGAGA": [14, {"0,0,0": 0.005279034690799397}], "TGTTTCGCGATTAAAGGTTCATGCG": [102, {"0,0,1": 0.013513513513513514}], "CTGATCCACAATGCTTTTGTCAAAG": [102, {"0,0,0": 0.011312217194570135, "0,0,1": 0.009538950715421303}], "GTACCGGACAATTTCACGGTTCTCG": [6, {"0,1,1": 0.0022624434389140274}], "ATGCGTAAGGACGCCAAGGCTTGCT": [102, {"0,0,1": 0.008214096449390567, "0,1,1": 0.015082956259426848}], "GCTTTTGTCAAAGACCTCAGGGCCA": [102, {"0,0,0": 0.0022624434389140274, "0,0,1": 0.012718600953895072}], "ACAATGCTTTTGTCAAAGACCTCAG": [102, {"0,0,0": 0.006033182503770739, "0,0,1": 0.011393746687864335}], "AGGTTCATGCGTAAGGACGCCAAGG": [102, {"0,0,1": 0.00980392156862745, "0,1,1": 0.010558069381598794}], "ACAACCTTATTATTCTATCAACACC": [68, {"0,0,0": 0.0196078431372549, "0,0,1": 0.0021197668256491787}], "ACTGATCCACAATGCTTTTGTCAAA": [102, {"0,0,0": 0.012066365007541479, "0,0,1": 0.009273979862215157}], "ACTGCGTACCGGACAATTTCACGGT": [16, {"0,1,1": 0.006033182503770739}], "CAGACTGATCCACAATGCTTTTGTC": [102, {"0,0,0": 0.014328808446455505, "0,0,1": 0.008479067302596715}], "ACCTCAGGGCCAGTGTTTCGCGATT": [102, {"0,0,1": 0.013513513513513514}], "AAGCTGCATGCAGTCATACTGCGTA": [50, {"0,1,1": 0.01885369532428356}], "CTTGAGAAAACAACCTTATTATTCT": [50, {"0,0,0": 0.01885369532428356}], "CCGACGACTTGAGAAAACAACCTTA": [36, {"0,0,0": 0.013574660633484163}], "TTTGTCAAAGACCTCAGGGCCAGTG": [102, {"0,0,1": 0.013513513513513514}], "ATCACTTCAGTCCCGACGACTTGAG": [12, {"0,0,0": 0.004524886877828055}], "GTAAGGACGCCAAGGCTTGCTTTGA": [102, {"0,0,1": 0.007154213036565978, "0,1,1": 0.01809954751131222}], "TCGCGATTAAAGGTTCATGCGTAAG": [102, {"0,0,1": 0.012453630100688924, "0,1,1": 0.0030165912518853697}], "TATTCTATCAACACCAGACTGATCC": [88, {"0,0,0": 0.0196078431372549, "0,0,1": 0.0047694753577106515}], "GAGTCAAGCTGCATGCAGTCATACT": [60, {"0,0,1": 0.0010598834128245894, "0,1,1": 0.0196078431372549}], "CTTTGAGTCAAGCTGCATGCAGTCA": [68, {"0,0,1": 0.0021197668256491787, "0,1,1": 0.0196078431372549}], "ATTAAAGGTTCATGCGTAAGGACGC": [102, {"0,0,1": 0.011128775834658187, "0,1,1": 0.006787330316742082}], "TGCTTTGAGTCAAGCTGCATGCAGT": [72, {"0,0,1": 0.002649708532061473, "0,1,1": 0.0196078431372549}], "AAGGAATCACTTCAGTCCCGACGAC": [2, {"0,0,0": 0.0007541478129713424}], "ACCAGACTGATCCACAATGCTTTTG": [102, {"0,0,0": 0.01583710407239819, "0,0,1": 0.00794912559618442}], "ACGCCAAGGCTTGCTTTGAGTCAAG": [94, {"0,0,1": 0.005564387917329093, "0,1,1": 0.0196078431372549}], "CTTATTATTCTATCAACACCAGACT": [78, {"0,0,0": 0.0196078431372549, "0,0,1": 0.003444621091679915}], "TGAGTCAAGCTGCATGCAGTCATAC": [62, {"0,0,1": 0.0013248542660307366, "0,1,1": 0.0196078431372549}], "TTTCGCGATTAAAGGTTCATGCGTA": [102, {"0,0,1": 0.012983571807101218, "0,1,1": 0.0015082956259426848}], "GACTGATCCACAATGCTTTTGTCAA": [102, {"0,0,0": 0.01282051282051282, "0,0,1": 0.009009009009009009}], "TCCCGACGACTTGAGAAAACAACCT": [32, {"0,0,0": 0.012066365007541479}], "CAAAGACCTCAGGGCCAGTGTTTCG": [102, {"0,0,1": 0.013513513513513514}], "TCAGTCCCGACGACTTGAGAAAACA": [24, {"0,0,0": 0.00904977375565611}], "TCAACACCAGACTGATCCACAATGC": [102, {"0,0,0": 0.0196078431372549, "0,0,1": 0.006624271330153683}], "AACCTTATTATTCTATCAACACCAG": [72, {"0,0,0": 0.0196078431372549, "0,0,1": 0.002649708532061473}], "TGCAGTCATACTGCGTACCGGACAA": [34, {"0,1,1": 0.01282051282051282}], "TTGTCAAAGACCTCAGGGCCAGTGT": [102, {"0,0,1": 0.013513513513513514}], "CGCCAAGGCTTGCTTTGAGTCAAGC": [92, {"0,0,1": 0.005299417064122946, "0,1,1": 0.0196078431372549}], "TGAGAAAACAACCTTATTATTCTAT": [54, {"0,0,0": 0.0196078431372549, "0,0,1": 0.00026497085320614734}], "CAGTCCCGACGACTTGAGAAAACAA": [26, {"0,0,0": 0.00980392156862745}], "CTGCATGCAGTCATACTGCGTACCG": [44, {"0,1,1": 0.016591251885369532}], "ACTTGAGAAAACAACCTTATTATTC": [48, {"0,0,0": 0.01809954751131222}], "TCCACAATGCTTTTGTCAAAGACCT": [102, {"0,0,0": 0.008295625942684766, "0,0,1": 0.010598834128245893}], "AGGGCCAGTGTTTCGCGATTAAAGG": [102, {"0,0,1": 0.013513513513513514}], "TCTATCAACACCAGACTGATCCACA": [94, {"0,0,0": 0.0196078431372549, "0,0,1": 0.005564387917329093}], "AAGGTTCATGCGTAAGGACGCCAAG": [102, {"0,0,1": 0.010068892421833599, "0,1,1": 0.00980392156862745}], "CGTAAGGACGCCAAGGCTTGCTTTG": [102, {"0,0,1": 0.007419183889772125, "0,1,1": 0.017345399698340876}], "TGCTTTTGTCAAAGACCTCAGGGCC": [102, {"0,0,0": 0.0030165912518853697, "0,0,1": 0.012453630100688924}], "GGACGCCAAGGCTTGCTTTGAGTCA": [98, {"0,0,1": 0.006094329623741388, "0,1,1": 0.0196078431372549}], "TTTGAGTCAAGCTGCATGCAGTCAT": [66, {"0,0,1": 0.0018547959724430313, "0,1,1": 0.0196078431372549}], "CCTCAGGGCCAGTGTTTCGCGATTA": [102, {"0,0,1": 0.013513513513513514}], "GCCAGTGTTTCGCGATTAAAGGTTC": [102, {"0,0,1": 0.013513513513513514}], "AGTGTTTCGCGATTAAAGGTTCATG": [102, {"0,0,1": 0.013513513513513514}], "CACAATGCTTTTGTCAAAGACCTCA": [102, {"0,0,0": 0.006787330316742082, "0,0,1": 0.011128775834658187}], "AGACCTCAGGGCCAGTGTTTCGCGA": [102, {"0,0,1": 0.013513513513513514}], "GCCAAGGCTTGCTTTGAGTCAAGCT": [90, {"0,0,1": 0.005034446210916799, "0,1,1": 0.0196078431372549}], "AAGGCTTGCTTTGAGTCAAGCTGCA": [84, {"0,0,1": 0.0042395336512983575, "0,1,1": 0.0196078431372549}], "TTGCTTTGAGTCAAGCTGCATGCAG": [74, {"0,0,1": 0.0029146793852676206, "0,1,1": 0.0196078431372549}], "ATGCAGTCATACTGCGTACCGGACA": [36, {"0,1,1": 0.013574660633484163}], "ATACTGCGTACCGGACAATTTCACG": [20, {"0,1,1": 0.007541478129713424}], "GTCAAAGACCTCAGGGCCAGTGTTT": [102, {"0,0,1": 0.013513513513513514}], "AGGCTTGCTTTGAGTCAAGCTGCAT": [82, {"0,0,1": 0.00397456279809221, "0,1,1": 0.0196078431372549}], "GGAATCACTTCAGTCCCGACGACTT": [6, {"0,0,0": 0.0022624434389140274}], "GGCTTGCTTTGAGTCAAGCTGCATG": [80, {"0,0,1": 0.0037095919448860626, "0,1,1": 0.0196078431372549}], "GCTTTGAGTCAAGCTGCATGCAGTC": [70, {"0,0,1": 0.0023847376788553257, "0,1,1": 0.0196078431372549}], "AGACTGATCCACAATGCTTTTGTCA": [102, {"0,0,0": 0.013574660633484163, "0,0,1": 0.008744038155802861}], "AAACAACCTTATTATTCTATCAACA": [64, {"0,0,0": 0.0196078431372549, "0,0,1": 0.001589825119236884}], "CATACTGCGTACCGGACAATTTCAC": [22, {"0,1,1": 0.008295625942684766}], "GGCCAGTGTTTCGCGATTAAAGGTT": [102, {"0,0,1": 0.013513513513513514}], "TGATCCACAATGCTTTTGTCAAAGA": [102, {"0,0,0": 0.010558069381598794, "0,0,1": 0.00980392156862745}], "AGAAAACAACCTTATTATTCTATCA": [58, {"0,0,0": 0.0196078431372549, "0,0,1": 0.000794912559618442}],