{"GGATCATTATACGGGAGCAACAGGT": [264, {"0,1,1": 0.9230769230769231}], "TAGTATGCAAGGTGGCATTCGGCTA": [121, {"0,0,0": 0.2692307692307692, "0,0,1": 0.8627450980392157}], "TGACAGGAGGAGGTTACGCTCGCGC": [51, {"0,0,1": 1.0}], "TGTTTATGATGGAAGCAAGAAGCTG": [289, {"0,0,0": 1.0, "0,0,1": 0.058823529411764705}], "CGCGCTGGTCAGCTATGTAATGCGA": [211, {"0,1,1": 0.6153846153846154, "0,0,1": 0.6862745098039216}], "GTGGCATTCGGCTAGTGACAGGAGG": [51, {"0,0,1": 1.0}], "GAGCAACAGGTTCTTATAACCGATT": [110, {"0,1,1": 0.38461538461538464}], "TACGCTCGCGCTGGTCAGCTATGTA": [151, {"0,1,1": 0.38461538461538464, "0,0,1": 0.803921568627451}], "TAATGGCTTTAATCTGCAGTCTGTT": [11, {"0,0,0": 0.038461538461538464}], "ACGTACGCGTATAGGATCATTATAC": [297, {"0,1,1": 1.0, "0,0,1": 0.21568627450980393}], "AGTATGCAAGGTGGCATTCGGCTAG": [111, {"0,0,0": 0.23076923076923078, "0,0,1": 0.8823529411764706}], "TAGGATCATTATACGGGAGCAACAG": [286, {"0,1,1": 1.0}], "TGTATGTTTATGATGGAAGCAAGAA": [275, {"0,0,0": 0.9615384615384616}], "GGTTACGCTCGCGCTGGTCAGCTAT": [121, {"0,1,1": 0.2692307692307692, "0,0,1": 0.8627450980392157}], "TGATGGAAGCAAGAAGCTGCCAGTA": [295, {"0,0,0": 1.0, "0,0,1": 0.17647058823529413}], "TGCCAGTAAGTCGCCTGTTAGTATG": [301, {"0,0,0": 0.9615384615384616, "0,0,1": 0.5098039215686274}], "AGGTGGCATTCGGCTAGTGACAGGA": [51, {"0,0,1": 1.0}], "CGGGAGCAACAGGTTCTTATAACCG": [143, {"0,1,1": 0.5}], "TGCAAGGTGGCATTCGGCTAGTGAC": [71, {"0,0,0": 0.07692307692307693, "0,0,1": 0.9607843137254902}], "GCTATGTAATGCGACGTACGCGTAT": [310, {"0,1,1": 1.0, "0,0,1": 0.47058823529411764}], "AGGTTACGCTCGCGCTGGTCAGCTA": [111, {"0,1,1": 0.23076923076923078, "0,0,1": 0.8823529411764706}], "GCATTCGGCTAGTGACAGGAGGAGG": [51, {"0,0,1": 1.0}], "TATGTTTATGATGGAAGCAAGAAGC": [287, {"0,0,0": 1.0, "0,0,1": 0.0196078431372549}], "AGTAAGTCGCCTGTTAGTATGCAAG": [261, {"0,0,0": 0.8076923076923077, "0,0,1": 0.5882352941176471}], "TATGTAATGCGACGTACGCGTATAG": [308, {"0,1,1": 1.0, "0,0,1": 0.43137254901960786}], "GGAGGAGGTTACGCTCGCGCTGGTC": [61, {"0,1,1": 0.038461538461538464, "0,0,1": 0.9803921568627451}], "TGGAAGCAAGAAGCTGCCAGTAAGT": [298, {"0,0,0": 1.0, "0,0,1": 0.23529411764705882}], "GGCTTTAATCTGCAGTCTGTTGTAT": [55, {"0,0,0": 0.19230769230769232}], "CCTGTTAGTATGCAAGGTGGCATTC": [171, {"0,0,0": 0.46153846153846156, "0,0,1": 0.7647058823529411}], "GTTGTATGTTTATGATGGAAGCAAG": [253, {"0,0,0": 0.8846153846153846}], "GTCAGCTATGTAATGCGACGTACGC": [281, {"0,1,1": 0.8846153846153846, "0,0,1": 0.5490196078431373}], "GTGACAGGAGGAGGTTACGCTCGCG": [51, {"0,0,1": 1.0}], "TAGTGACAGGAGGAGGTTACGCTCG": [51, {"0,0,1": 1.0}], "CTGCAGTCTGTTGTATGTTTATGAT": [154, {"0,0,0": 0.5384615384615384}], "CGGCTAGTGACAGGAGGAGGTTACG": [51, {"0,0,1": 1.0}], "CATTCGGCTAGTGACAGGAGGAGGT": [51, {"0,0,1": 1.0}], "AGTGACAGGAGGAGGTTACGCTCGC": [51, {"0,0,1": 1.0}], "ACAGGAGGAGGTTACGCTCGCGCTG": [51, {"0,0,1": 1.0}], "GACGTACGCGTATAGGATCATTATA": [298, {"0,1,1": 1.0, "0,0,1": 0.23529411764705882}], "AGCTGCCAGTAAGTCGCCTGTTAGT": [309, {"0,0,0": 1.0, "0,0,1": 0.45098039215686275}], "AACAGGTTCTTATAACCGATTTGCA": [66, {"0,1,1": 0.23076923076923078}], "GAGGAGGTTACGCTCGCGCTGGTCA": [71, {"0,1,1": 0.07692307692307693, "0,0,1": 0.9607843137254902}], "GTTTATGATGGAAGCAAGAAGCTGC": [290, {"0,0,0": 1.0, "0,0,1": 0.0784313725490196}], "TACGCGTATAGGATCATTATACGGG": [294, {"0,1,1": 1.0, "0,0,1": 0.1568627450980392}], "GCAGTCTGTTGTATGTTTATGATGG": [176, {"0,0,0": 0.6153846153846154}], "ATGTTTATGATGGAAGCAAGAAGCT": [288, {"0,0,0": 1.0, "0,0,1": 0.0392156862745098}], "GCTGCCAGTAAGTCGCCTGTTAGTA": [310, {"0,0,0": 1.0, "0,0,1": 0.47058823529411764}], "TGGTCAGCTATGTAATGCGACGTAC": [261, {"0,1,1": 0.8076923076923077, "0,0,1": 0.5882352941176471}], "CTAGTGACAGGAGGAGGTTACGCTC": [51, {"0,0,1": 1.0}], "CATTATACGGGAGCAACAGGTTCTT": [220, {"0,1,1": 0.7692307692307693}], "GCGACGTACGCGTATAGGATCATTA": [300, {"0,1,1": 1.0, "0,0,1": 0.27450980392156865}], "AATCTGCAGTCTGTTGTATGTTTAT": [121, {"0,0,0": 0.4230769230769231}], "TACGGGAGCAACAGGTTCTTATAAC": [165, {"0,1,1": 0.5769230769230769}], "AAGTCGCCTGTTAGTATGCAAGGTG": [231, {"0,0,0": 0.6923076923076923, "0,0,1": 0.6470588235294118}], "GAAGCAAGAAGCTGCCAGTAAGTCG": [300, {"0,0,0": 1.0, "0,0,1": 0.27450980392156865}], "TTTAATCTGCAGTCTGTTGTATGTT": [88, {"0,0,0": 0.3076923076923077}], "ATCATTATACGGGAGCAACAGGTTC": [242, {"0,1,1": 0.8461538461538461}], "CAGTAAGTCGCCTGTTAGTATGCAA": [271, {"0,0,0": 0.8461538461538461, "0,0,1": 0.5686274509803921}], "TCATTATACGGGAGCAACAGGTTCT": [231, {"0,1,1": 0.8076923076923077}], "TTCGGCTAGTGACAGGAGGAGGTTA": [51, {"0,0,1": 1.0}], "CAACAGGTTCTTATAACCGATTTGC": [77, {"0,1,1": 0.2692307692307692}], "AGCAAGAAGCTGCCAGTAAGTCGCC": [302, {"0,0,0": 1.0, "0,0,1": 0.3137254901960784}], "GCTCGCGCTGGTCAGCTATGTAATG": [181, {"0,1,1": 0.5, "0,0,1": 0.7450980392156863}], "ATGGCTTTAATCTGCAGTCTGTTGT": [33, {"0,0,0": 0.11538461538461539}], "GTAATGCGACGTACGCGTATAGGAT": [305, {"0,1,1": 1.0, "0,0,1": 0.37254901960784315}], "CTGCCAGTAAGTCGCCTGTTAGTAT": [311, {"0,0,0": 1.0, "0,0,1": 0.49019607843137253}], "AAGGTGGCATTCGGCTAGTGACAGG": [51, {"0,0,1": 1.0}], "AATGCGACGTACGCGTATAGGATCA": [303, {"0,1,1": 1.0, "0,0,1": 0.3333333333333333}], "GTACGCGTATAGGATCATTATACGG": [295, {"0,1,1": 1.0, "0,0,1": 0.17647058823529413}], "ACGCGTATAGGATCATTATACGGGA": [293, {"0,1,1": 1.0, "0,0,1": 0.13725490196078433}], "TTACGCTCGCGCTGGTCAGCTATGT": [141, {"0,1,1": 0.34615384615384615, "0,0,1": 0.8235294117647058}], "TAATCTGCAGTCTGTTGTATGTTTA": [110, {"0,0,0": 0.38461538461538464}], "TGCGACGTACGCGTATAGGATCATT": [301, {"0,1,1": 1.0, "0,0,1": 0.29411764705882354}], "TCGCGCTGGTCAGCTATGTAATGCG": [201, {"0,1,1": 0.5769230769230769, "0,0,1": 0.7058823529411765}], "GGCATTCGGCTAGTGACAGGAGGAG": [51, {"0,0,1": 1.0}], "ACGGGAGCAACAGGTTCTTATAACC": [154, {"0,1,1": 0.5384615384615384}], "CAGGTTCTTATAACCGATTTGCAAG": [44, {"0,1,1": 0.15384615384615385}], "CAAGGTGGCATTCGGCTAGTGACAG": [51, {"0,0,1": 1.0}], "AGTCTGTTGTATGTTTATGATGGAA": [198, {"0,0,0": 0.6923076923076923}], "TCAGCTATGTAATGCGACGTACGCG": [291, {"0,1,1": 0.9230769230769231, "0,0,1": 0.5294117647058824}], "GTTACGCTCGCGCTGGTCAGCTATG": [131, {"0,1,1": 0.3076923076923077, "0,0,1": 0.8431372549019608}], "GAGGTTACGCTCGCGCTGGTCAGCT": [101, {"0,1,1": 0.19230769230769232, "0,0,1": 0.9019607843137255}], "TCGCCTGTTAGTATGCAAGGTGGCA": [201, {"0,0,0": 0.5769230769230769, "0,0,1": 0.7058823529411765}], "GGTGGCATTCGGCTAGTGACAGGAG": [51, {"0,0,1": 1.0}], "TGCAGTCTGTTGTATGTTTATGATG": [165, {"0,0,0": 0.5769230769230769}], "AGGTTCTTATAACCGATTTGCAAGA": [33, {"0,1,1": 0.11538461538461539}], "TATACGGGAGCAACAGGTTCTTATA": [187, {"0,1,1": 0.6538461538461539}], "AAGAAGCTGCCAGTAAGTCGCCTGT": [305, {"0,0,0": 1.0, "0,0,1": 0.37254901960784315}], "ATAGGATCATTATACGGGAGCAACA": [287, {"0,1,1": 1.0, "0,0,1": 0.0196078431372549}], "TATGCAAGGTGGCATTCGGCTAGTG": [91, {"0,0,0": 0.15384615384615385, "0,0,1": 0.9215686274509803}], "GTATAGGATCATTATACGGGAGCAA": [289, {"0,1,1": 1.0, "0,0,1": 0.058823529411764705}], "CTGTTGTATGTTTATGATGGAAGCA": [231, {"0,0,0": 0.8076923076923077}], "ACGCTCGCGCTGGTCAGCTATGTAA": [161, {"0,1,1": 0.4230769230769231, "0,0,1": 0.7843137254901961}], "TAAGTCGCCTGTTAGTATGCAAGGT": [241, {"0,0,0": 0.7307692307692307, "0,0,1": 0.6274509803921569}], "GATCATTATACGGGAGCAACAGGTT": [253, {"0,1,1": 0.8846153846153846}], "CGTACGCGTATAGGATCATTATACG": [296, {"0,1,1": 1.0, "0,0,1": 0.19607843137254902}], "AATGGCTTTAATCTGCAGTCTGTTG": [22, {"0,0,0": 0.07692307692307693}], "TTATACGGGAGCAACAGGTTCTTAT": [198, {"0,1,1": 0.6923076923076923}], "CGCCTGTTAGTATGCAAGGTGGCAT": [191, {"0,0,0": 0.5384615384615384, "0,0,1": 0.7254901960784313}], "AGGAGGTTACGCTCGCGCTGGTCAG": [81, {"0,1,1": 0.11538461538461539, "0,0,1": 0.9411764705882353}], "ATACGGGAGCAACAGGTTCTTATAA": [176, {"0,1,1": 0.6153846153846154}], "AAGCAAGAAGCTGCCAGTAAGTCGC": [301, {"0,0,0": 1.0, "0,0,1": 0.29411764705882354}], "GTCGCCTGTTAGTATGCAAGGTGGC": [211, {"0,0,0": 0.6153846153846154, "0,0,1": 0.6862745098039216}], "GATGGAAGCAAGAAGCTGCCAGTAA": [296, {"0,0,0": 1.0, "0,0,1": 0.19607843137254902}], "TCTGTTGTATGTTTATGATGGAAGC": [220, {"0,0,0": 0.7692307692307693}],